"job_via","job_count"
"via LinkedIn","186990"
"via BeBee","103655"
"via Trabajo.org","61935"
"via Indeed","42835"
"via Recruit.net","23714"
"via ZipRecruiter","15612"
"via Jobs Trabajo.org","10690"
"via Snagajob","9424"
"via Trabajo.org - Vacantes De Empleo, Trabajo","8920"
"via BeBee India","8705"
"via BeBee Singapore","7978"
"via SimplyHired","6619"
"via Jobrapido.com","6225"
"via Sercanto","5680"
"via The Muse","5568"
"via BeBee Portugal","5534"
"via Ai-Jobs.net","5372"
"via Adzuna","5261"
"via Emplois Trabajo.org","5165"
"via BeBee Canada","4709"
"via Dice","4488"
"via SmartRecruiters Job Search","4480"
"via BeBee Belgique","4432"
"via Talent.com","4221"
"via Jobijoba","4011"
"via Empregos Trabajo.org","3860"
"via XING","3731"
"via Jooble","3708"
"via BeBee Schweiz","3688"
"via Clearance Jobs","3616"
"via BeBee South Africa","3451"
"via BeBee Nederland","3395"
"via Melga","3391"
"via WJHL Jobs","3329"
"via Startup Jobs","3291"
"via My ArkLaMiss Jobs","3255"
"via BeBee Malaysia","3227"
"via BeBee Ireland","3221"
"via Ladders","3081"
"via hh.ru","3009"
"via BeBee M√©xico","2869"
"via BeBee Costa Rica","2818"
"via Praca Trabajo.org","2613"
"via Lensa","2608"
"via Linkedin","2564"
"via BeBee Australia","2398"
"via Nexxt","2353"
"via Monster","2344"
"via WANE Jobs","2320"
"via Lavoro Trabajo.org","2274"
"via Trabajo. Org","2264"
"via BeBee È¶ôÊ∏Ø","2232"
"via GrabJobs","2214"
"via Jobgether","2073"
"via My Valley Jobs Today","1854"
"via Shine","1806"
"via My Stateline Jobs","1805"
"via Jora","1781"
"via BeBee Deutschland","1637"
"via KSNT Jobs","1636"
"via Emprego.pt","1625"
"via Pnet","1566"
"via BeBee Chile","1466"
"via Stepstone","1439"
"via EFinancialCareers","1419"
"via JobServe","1404"
"via Upwork","1356"
"via Big Country Jobs","1353"
"via CareerBuilder","1346"
"via HelloWork","1346"
"via Vacatures Trabajo.org","1280"
"via BeBee Colombia","1277"
"via WhatJobs","1276"
"via Central Illinois Proud Jobs","1179"
"via JobLeads","1106"
"via WJTV Jobs","1089"
"via WREG Jobs","1088"
"via LinkedIn Hungary","1042"
"via Welcome To The Jungle","1040"
"via Built In","1039"
"via Totaljobs","1038"
"via BeBee Per√∫","1036"
"via EMPREGO","996"
"via IT JobServe","943"
"via StepStone","939"
"via KHON2 Jobs","929"
"via LinkedIn Belgium","910"
"via Adzuna.pl","910"
"via Tarta.ai","904"
"via Dice.com","867"
"via Wellfound","862"
"via AngelList","802"
"via Trabajo.org - Job Search - Jobs","747"
"via SonicJobs","733"
"via Smart Recruiters Jobs","731"
"via Bayt.com","729"
"via MyArklaMiss Jobs","690"
"via LinkedIn Finland","669"
"via LinkedIn Bulgaria","645"
"via Maukerja","617"
"via BeBee Danmark","612"
"via Diversity Jobs","589"
"via Mendeley","588"
"via SaluteMyJob","579"
"via Indeed HK","579"
"via LinkedIn Costa Rica","573"
"via JobTeaser","562"
"via ClimateTechList","562"
"via JobThai","549"
"via Comeet","538"
"via BeBee Kenya","534"
"via Joblum Philippines","533"
"via Get.It","529"
"via CV-Library","520"
"via Intellijobs.ai","511"
"via LinkedIn Vietnam","511"
"via Singapore | JobsDB","510"
"via IrishJobs.ie","501"
"via Net-Empregos","495"
"via Catho","485"
"via WayUp","485"
"via Jobs","481"
"via LinkedIn Philippines","480"
"via WAVY Jobs","463"
"via Laimoon.com","459"
"via FOX 5 San Diego Jobs","448"
"via Jora UK","447"
"via Energy Jobline","444"
"via Fairygodboss","435"
"via BeBee Luxembourg","429"
"via LinkedIn Slovakia","429"
"via BeBee Uruguay","429"
"via Talentify","419"
"via Nationale Vacaturebank","416"
"via BeBee Panam√°","415"
"via HR Software For Growing Businesses | Freshteam","412"
"via Shine.com","410"
"via Career Page","401"
"via ComputerJobs.com","400"
"via Your Basin Jobs","397"
"via NBC4i Jobs","395"
"via Â∑•‰ΩúÊêúÁ¥¢ÂºïÊìé| SimplyHired","384"
"via Learn4Good","382"
"via Jobijoba UK","379"
"via Relocation Jobs","377"
"via FOX44 News Jobs","377"
"via LifeworQ","376"
"via ProActuary","375"
"via WDHN Jobs","373"
"via Emprego","368"
"via Theprotocol.it","363"
"via BeBee ÿØŸàŸÑÿ© ŸÇÿ∑ÿ±","358"
"via Top County Careers","352"
"via LinkedIn Malta","348"
"via Robert Half","348"
"via MyJobMag","344"
"via LinkedIn Luxembourg","331"
"via Randstad","324"
"via AI Careers","324"
"via VDAB","319"
"via WOWKtv Jobs","315"
"via CW39 Jobs","312"
"via Jobaaj.com","309"
"via Ÿàÿ∏ÿßÿ¶ŸÅ","306"
"via Jobg8","305"
"via Karkidi","302"
"via EMPREGO.pt","294"
"via FOX21News Jobs","290"
"via LinkedIn Cyprus","289"
"via CareerJunction","287"
"via È¢ÜËã±","280"
"via Monster.ca","277"
"via EchoJobs","272"
"via È¢ÜËã±(‰∏≠ÂõΩ)","269"
"via VentureLoop","267"
"via Monster.de","265"
"via Rabota.by","261"
"via Cadremploi","255"
"via Ïù∏ÎîîÎìú","252"
"via BeBee Puerto Rico","248"
"via Trabajo.org - Stellenangebote, Arbeit","245"
"via LinkedIn Latvia","245"
"via Robota.ua","241"
"via Monster.co.uk","238"
"via Ty√∂paikat | Indeed","237"
"via Texas Jobs - Tarta.ai","231"
"via Jobbkk.com","225"
"via Indeed.ie","225"
"via Boston Consulting Group","225"
"via Hitachi - Careers","223"
"via Professional Diversity Network","220"
"via Splunk","218"
"via Lucrezi.ro","215"
"via Â∑•‰ΩúÊêúÁ¥¢ÂºïÊìé","215"
"via Learn4Good.com","214"
"via JobiJoba.de","210"
"via KTAL News Jobs","208"
"via Snowflake Careers","208"
"via Monster.fr","207"
"via Indeed Âè∞ÁÅ£","207"
"via UNjobnet","205"
"via Indeed Argentina","204"
"via ComputerJobs","201"
"via LinkedIn Armenia","199"
"via Meteojob","199"
"via Glints","199"
"via IndisJob","198"
"via –í–∞–∫–∞–Ω—Å–∏–∏ Trabajo.org","195"
"via P√¥le Emploi","193"
"via Star Job Search","193"
"via Jobtome","191"
"via JOBTOPGUN","190"
"via 104‰∫∫ÂäõÈäÄË°å","189"
"via SimplyHired, South Africa","188"
"via My Champlain Valley Jobs","187"
"via Apec","186"
"via Kalibrr","185"
"via Levels.fyi","183"
"via BeBee ÿßŸÑŸÉŸàŸäÿ™","183"
"via GameJobs.co","182"
"via BeBee –†–æ—Å—Å–∏—è","180"
"via Cognizant Careers","180"
"via Adzuna.at","178"
"via DiversityJobs","177"
"via Cambridge Careers","173"
"via Technojobs","171"
"via Rabota.md","171"
"via DataAnalyst.com","171"
"via Jobs.appcast.io","171"
"via Blognone Jobs","170"
"via PHL17 Jobs","167"
"via Hitmarker","165"
"via WSPA Jobs","163"
"via È¶ôÊ∏ØËÅ∑Áº∫ - Jooble","161"
"via RABOTA.ua","159"
"via Built In NYC","159"
"via ‡∏´‡∏≤‡∏á‡∏≤‡∏ô | Indeed","158"
"via BeBee Pakistan","157"
"via WUZZUF","157"
"via Higher Ed Jobs","155"
"via LinkedIn Nigeria","154"
"via Motion Recruitment","154"
"via Kit Empleo","152"
"via JOIN","152"
"via OnlyDataJobs","149"
"via Magnet.me","149"
"via LinkedIn Uruguay","148"
"via WJBF Jobs","147"
"via LinkedIn Nepal","146"
"via Jobs.ch","145"
"via Careers At Cognizant","145"
"via SimplyHired, Australia","144"
"via UPMatters Jobs","141"
"via PIX11 Jobs","140"
"via ÿ•ŸÜÿØŸäÿØ","139"
"via Careermap","139"
"via Jobs - WhatJobs","135"
"via Figaro Emploi","133"
"via EJobs","131"
"via Leidos Careers","131"
"via DE Jobs","129"
"via Built In Chicago","128"
"via Jobbsafari","127"
"via MNC Jobs","126"
"via Caribbean Jobs","124"
"via NodeFlair","124"
"via Virtual Vocations","123"
"via DisABLEDperson.com","120"
"via IT Job Depot","120"
"via Rabota.ua","120"
"via Eightfold.ai","119"
"via ÿ™ŸÜŸÇŸäÿ®","119"
"via LinkedIn Uzbekistan","119"
"via Jobs At Vodafone","119"
"via KLFY Jobs","119"
"via WGN-TV Jobs","118"
"via Higher Education Recruitment Consortium (HERC), HERC Jobs","117"
"via Talents Jobs","117"
"via Built In San Francisco","116"
"via LinkedIn ŸÑÿ®ŸÜÿßŸÜ","116"
"via Harnham","115"
"via LinkedIn Puerto Rico","114"
"via Jobtopgun.com","113"
"via Yourator","113"
"via HERC Jobs","113"
"via LinkedIn ŸÇÿ∑ÿ±","113"
"via Pangian","113"
"via BeBee ÿ™ŸàŸÜÿ≥","111"
"via FOX4KC Jobs","110"
"via Florida Jobs - Tarta.ai","109"
"via Gumtree","108"
"via WLNS Jobs","107"
"via Indeed.ch","107"
"via LinkedIn Guatemala","107"
"via INSPYR Solutions","106"
"via Institute Of Data Jobs","105"
"via LinkedIn Pakistan","105"
"via California Jobs - Tarta.aiüå¥","105"
"via WRBL Jobs","104"
"via Talent Jobs","103"
"via –†–∞–±–æ—Ç–∞ –í –ê–ª–º–∞—Ç—ã - Hh.kz","102"
"via Tanitjobs.com","102"
"via DirectlyApply","102"
"via HigherEdJobs","101"
